"","51001","51003","51005","51007","51009","51011","51013","51015","51017","51019","51021","51023","51025","51027","51029","51031","51033","51035","51036","51037","51041","51043","51045","51047","51049","51051","51053","51057","51059","51061","51063","51065","51067","51069","51071","51073","51075","51077","51079","51081","51083","51085","51087","51089","51091","51093","51095","51097","51099","51101","51103","51105","51107","51109","51111","51113","51115","51117","51119","51121","51125","51127","51131","51133","51135","51137","51139","51141","51143","51145","51147","51149","51153","51155","51157","51159","51161","51163","51165","51167","51169","51171","51173","51175","51177","51179","51181","51183","51185","51187","51191","51193","51195","51197","51199","51510","51520","51530","51540","51550","51570","51580","51590","51595","51600","51610","51620","51630","51640","51650","51660","51670","51678","51680","51683","51685","51690","51700","51710","51720","51730","51735","51740","51750","51760","51770","51775","51790","51800","51810","51820","51830","51840"
"51001",50063,23,0,0,0,0,23,23,0,23,0,0,0,0,0,0,0,0,0,0,142,0,0,0,0,0,0,0,71,23,47,0,0,307,0,0,47,0,0,0,47,23,71,0,0,0,213,0,23,23,0,0,23,71,0,0,0,0,0,0,0,23,3623,71,0,0,0,0,0,142,118,23,47,0,0,0,0,71,23,0,0,0,0,0,0,0,0,0,0,0,0,23,0,0,71,0,47,0,118,142,0,0,47,94,0,0,47,0,0,142,165,0,0,118,23,0,0,378,1207,0,0,0,23,0,47,0,0,0,71,1894,0,118,142
"51003",0,147454,114,85,314,114,257,1858,0,571,0,114,0,0,714,314,57,85,0,28,1172,142,0,371,28,0,0,0,1000,571,0,2429,171,28,28,85,657,28,3802,0,142,686,3116,171,0,57,142,0,57,85,0,0,628,2258,28,1000,28,171,57,371,2001,85,0,57,0,886,85,142,114,0,514,57,743,0,28,0,114,285,657,0,0,85,200,0,771,114,0,28,28,200,200,114,0,257,200,57,28,28,33390,200,0,28,257,0,0,0,0,57,0,0,428,0,28,1114,57,0,142,285,200,0,57,0,28,85,686,171,114,371,114,1086,3430,114,57
"51005",0,82,19552,0,20,0,0,185,247,165,0,1218,0,0,0,61,0,0,0,0,0,20,20,0,20,0,0,0,20,0,0,0,41,20,0,0,0,0,0,0,0,0,41,0,0,0,0,0,0,0,0,0,0,0,0,0,0,103,0,20,0,0,0,0,0,20,0,0,0,0,20,0,82,20,0,0,495,660,20,0,0,61,0,0,0,0,0,0,0,0,0,0,0,0,0,41,0,61,61,0,0,6028,20,0,0,0,0,0,0,0,41,0,289,20,0,0,0,0,0,0,0,0,41,0,20,1878,289,144,0,0,103,0,0
"51007",0,0,0,17574,0,56,0,18,0,74,0,56,37,0,37,0,18,0,37,56,6499,0,0,0,93,0,130,0,0,18,0,0,18,37,0,37,37,0,0,0,149,168,672,0,0,0,112,18,0,0,18,0,0,18,18,0,0,410,0,37,0,37,0,0,1120,0,0,0,18,1494,504,18,0,0,56,0,0,18,0,0,0,0,0,0,0,0,0,0,0,37,18,0,0,56,37,0,0,0,18,56,112,0,0,18,0,0,0,37,0,18,0,0,0,56,0,0,0,18,0,0,149,0,0,0,616,18,0,18,18,112,0,56,0
"51009",0,309,0,103,48952,1100,34,412,0,2854,0,51,17,0,206,3679,17,0,34,68,378,0,0,85,51,0,17,0,34,0,0,68,137,0,0,0,17,0,17,0,120,120,223,0,0,0,51,0,0,0,0,0,0,51,0,17,0,103,0,17,636,0,0,0,17,68,0,0,257,34,120,34,120,0,17,0,120,412,85,0,0,0,51,0,34,85,0,0,0,17,0,0,0,17,103,34,17,34,292,17,0,0,34,0,0,0,0,85,0,0,17,0,257,10832,0,0,34,34,137,0,0,0,17,0,240,275,68,34,0,447,85,120,0
"51011",12,136,0,62,957,23910,0,37,0,982,0,12,0,0,211,3246,12,0,0,273,161,0,0,0,37,0,12,0,12,0,0,24,99,0,24,62,12,0,12,12,87,12,348,0,0,0,24,0,0,0,0,0,12,12,0,0,0,311,12,0,335,0,12,0,0,37,0,0,223,87,908,12,0,0,0,0,24,12,37,0,0,0,0,0,62,0,0,12,0,0,0,0,0,24,0,0,0,12,24,24,12,0,74,0,0,0,0,12,0,99,37,24,24,5635,0,0,0,12,37,0,0,0,0,0,111,174,0,12,37,149,0,24,0
"51013",0,378,0,0,37,0,247929,75,37,189,0,264,0,0,0,75,378,0,0,0,1362,0,0,302,37,0,0,0,47496,1135,0,0,113,151,0,0,75,0,113,0,37,832,1059,37,0,0,605,0,75,0,113,0,5979,151,0,113,37,37,37,227,264,227,0,37,0,340,264,0,0,0,264,189,5260,0,75,0,0,75,416,0,0,302,151,0,605,794,0,37,0,605,0,454,0,340,491,12148,0,0,491,264,189,0,0,113,1135,4390,0,264,0,227,75,0,37,0,491,113,0,151,151,0,75,37,378,0,491,0,0,0,0,832,0,529,189
"51015",0,2793,155,0,135,38,193,105326,252,484,0,96,0,0,213,96,0,19,0,0,368,19,0,38,19,0,96,0,135,19,0,116,407,135,19,19,310,0,38,0,0,174,834,19,96,116,116,58,19,19,19,19,853,407,0,38,0,58,38,310,931,19,0,19,0,155,232,19,135,0,58,0,310,77,38,0,329,1823,7739,38,0,387,77,0,290,135,0,0,0,77,19,19,0,155,58,38,0,174,1202,0,0,116,0,0,0,0,0,96,0,38,8360,0,465,407,19,0,0,58,96,0,0,0,0,0,135,853,349,17612,0,543,25313,77,38
"51017",0,126,430,0,25,0,0,177,4558,25,0,50,0,0,0,0,0,0,0,0,0,0,0,0,0,0,0,0,0,0,0,0,0,25,0,0,0,0,0,0,0,0,0,0,227,0,0,0,0,0,0,0,0,0,0,0,0,0,0,0,0,0,0,0,0,25,0,0,0,0,0,0,0,0,0,0,50,202,25,0,0,50,0,0,50,0,0,0,0,0,25,0,0,25,0,0,0,25,50,0,0,379,0,0,0,0,0,75,0,0,0,0,0,0,0,0,0,0,0,0,0,0,0,0,0,75,0,329,0,75,25,0,0
"51019",0,280,15,46,1774,1183,0,264,0,107693,0,1541,0,15,140,10663,0,0,0,140,202,31,46,62,46,0,62,62,124,46,140,31,4280,31,62,93,77,0,0,15,171,311,513,233,0,0,186,31,0,0,0,0,93,124,31,31,0,0,15,1043,451,0,0,31,62,124,108,0,747,77,280,31,217,108,0,31,8997,435,217,15,15,93,15,0,93,0,0,0,31,0,155,62,93,46,15,62,46,124,202,62,46,0,124,0,31,0,0,31,0,31,249,15,108,26012,31,0,31,31,124,0,15,0,0,31,311,8390,980,93,0,186,93,124,62
"51021",0,0,0,21,0,0,0,0,0,21,6979,21,0,21,0,0,0,194,0,0,43,0,0,0,21,0,0,0,0,0,0,0,43,0,86,0,0,21,0,0,0,0,0,0,0,0,0,0,0,0,0,0,0,0,0,0,0,0,0,410,0,0,0,0,0,0,0,0,0,21,0,0,0,108,0,43,21,0,21,0,0,0,64,0,0,0,0,0,993,0,129,0,0,1469,0,0,21,0,0,0,0,0,0,0,0,0,0,0,561,0,64,0,0,0,0,0,0,0,0,0,0,0,0,86,0,64,21,0,0,0,0,0,0
"51023",14,233,845,0,58,0,0,102,14,1808,0,43473,14,0,43,116,14,58,0,29,116,0,58,29,14,0,0,0,102,29,14,0,787,0,539,0,29,0,14,0,0,58,247,175,0,0,43,0,14,0,0,0,58,29,0,0,14,14,43,904,58,0,0,0,14,0,0,14,14,0,29,0,102,87,0,0,10208,525,116,0,0,0,14,0,29,29,0,0,0,0,29,0,0,58,29,0,0,29,14,0,0,510,29,0,0,0,0,29,0,0,175,0,102,408,0,0,0,43,87,0,14,0,0,87,58,10004,2056,87,0,175,29,0,0
"51025",0,0,0,61,0,61,0,0,0,30,0,0,19580,0,30,0,0,0,0,0,828,0,0,0,0,30,1012,30,61,0,0,0,276,0,0,153,30,0,0,675,92,122,398,61,0,184,153,0,0,0,0,0,0,0,429,0,0,6874,0,0,0,0,0,0,276,0,0,0,0,0,122,184,92,0,0,0,0,0,61,0,0,0,0,92,0,0,92,184,0,0,0,0,0,0,61,0,0,0,0,0,613,0,0,1166,61,0,0,0,0,61,0,92,0,0,0,0,0,61,0,0,61,0,0,0,398,0,0,0,61,368,0,122,0
"51027",0,0,0,0,0,0,0,0,0,0,28,0,0,31673,28,0,0,0,0,0,0,0,0,0,0,702,0,0,0,28,0,0,0,0,0,0,0,0,0,0,28,0,0,0,0,0,0,0,0,0,0,0,0,0,0,0,0,84,0,28,0,0,0,0,0,0,0,0,0,0,0,0,28,0,0,0,0,0,0,2416,0,0,0,0,0,0,0,0,3878,0,1826,0,168,28,0,0,562,0,0,0,0,0,0,0,0,0,0,0,0,0,0,0,0,0,0,0,0,0,0,309,0,0,0,0,0,309,0,0,0,0,0,0,0
"51029",0,2564,0,57,57,835,0,144,0,345,0,28,0,0,18960,403,28,0,0,144,518,0,28,0,922,0,57,0,57,0,0,605,345,0,0,0,115,0,28,0,28,57,345,28,0,0,28,0,28,0,86,0,0,691,57,0,0,144,28,0,201,0,0,28,316,172,86,57,57,374,1959,28,57,57,28,0,0,28,28,0,0,86,0,0,86,28,0,0,0,86,0,0,0,57,28,28,0,0,922,0,0,0,0,0,0,0,0,0,0,115,57,0,0,950,0,0,28,28,0,0,28,0,0,0,144,28,0,0,0,0,0,0,0
"51031",0,462,0,16,3321,2627,49,214,0,10708,0,99,0,0,214,81401,0,0,0,297,627,0,0,16,82,0,0,0,49,16,16,33,528,49,33,0,33,0,148,0,462,132,396,66,0,16,132,16,16,33,0,0,115,33,16,0,0,165,0,49,330,16,0,0,33,0,0,0,2412,49,528,16,33,33,0,0,660,165,49,0,0,0,0,0,16,16,0,16,33,0,16,0,0,16,16,16,0,33,330,16,16,0,594,0,0,0,0,33,0,66,49,16,33,34735,0,0,49,16,49,0,0,0,33,33,49,1057,82,33,16,330,115,66,16
"51033",61,40,20,0,40,0,102,40,0,0,0,20,20,0,61,0,36213,0,40,20,1000,0,0,0,0,0,0,204,347,183,0,40,0,81,0,20,163,0,0,0,0,5838,3245,0,0,0,183,61,469,387,61,0,244,367,0,20,0,224,265,81,0,224,0,244,0,122,122,0,20,20,0,61,428,20,102,61,0,81,102,0,0,0,0,0,11717,1816,0,20,0,20,0,204,0,0,81,20,0,0,40,20,0,0,0,0,0,0,0,2592,0,61,40,20,0,0,0,0,0,163,326,0,40,0,20,0,530,183,20,0,20,387,0,81,0
"51035",0,267,0,0,0,0,0,0,0,22,22,0,22,0,0,44,0,37884,0,0,44,0,0,0,0,0,0,0,89,0,534,66,489,0,267,0,0,779,0,0,0,22,0,155,0,0,0,0,0,0,0,0,0,22,22,0,0,22,0,1180,0,0,0,0,0,0,0,801,0,0,22,0,0,801,0,0,200,0,0,66,22,0,44,0,0,0,0,0,0,66,244,0,155,2004,0,0,178,0,44,0,0,0,0,22,0,0,0,0,8329,0,0,0,0,22,0,0,200,0,22,44,0,0,0,44,0,155,89,0,0,0,0,0,0
"51036",0,0,0,0,0,0,0,89,0,0,0,0,0,0,0,0,0,0,6577,29,986,0,0,0,0,0,59,59,0,0,0,0,0,0,0,0,0,0,0,0,0,657,1704,0,0,0,837,29,0,269,59,0,0,0,0,0,0,0,0,0,0,1494,0,0,0,0,0,0,0,119,0,508,0,0,0,29,0,29,59,0,0,0,0,0,29,0,0,0,0,0,0,29,0,0,239,0,0,0,0,59,149,0,0,0,0,0,0,0,0,89,0,358,0,0,0,0,0,59,89,0,0,0,29,0,179,0,29,29,59,209,0,149,0
"51037",0,0,0,588,281,972,0,25,0,230,0,0,51,0,51,1023,0,0,0,15609,486,0,0,0,102,0,0,0,0,0,0,0,0,0,25,0,0,0,0,25,1663,0,102,0,0,25,102,0,0,25,0,0,25,0,332,0,0,1663,0,153,0,0,0,0,204,25,0,0,25,76,2431,0,25,0,0,0,51,0,179,0,0,0,25,0,0,0,0,0,0,0,0,0,51,0,76,0,0,0,25,179,0,0,127,0,0,0,102,0,0,76,76,0,0,1356,0,0,25,179,25,0,0,0,0,25,76,127,25,0,0,409,25,102,0
"51041",156,1197,121,2359,69,433,399,607,17,641,0,156,399,0,277,468,1197,17,503,86,598319,0,17,34,659,0,4840,156,1110,121,17,294,347,17,52,902,3626,0,104,225,242,6332,35376,86,0,399,3383,312,121,555,746,0,520,936,329,34,694,1145,1197,1023,624,1665,294,399,537,104,0,17,242,6488,1769,5309,971,121,0,156,190,225,294,17,0,34,17,138,1440,537,468,728,86,0,121,138,52,69,1388,347,104,86,1041,1318,16586,34,260,156,17,17,52,624,0,641,399,3591,190,919,156,17,34,884,1162,17,6020,17,607,34,38586,138,104,17,138,5170,173,1179,17
"51043",44,0,0,0,0,0,67,22,0,22,0,0,0,0,0,0,44,0,0,0,111,15001,0,0,0,0,0,0,514,246,0,0,0,4836,22,0,0,0,22,0,0,0,22,0,0,0,134,0,0,0,0,0,2821,44,0,89,0,22,0,0,0,0,0,0,0,22,22,0,0,0,0,0,291,0,22,0,44,44,67,0,0,111,44,0,44,134,0,0,44,649,0,0,0,22,0,0,0,0,0,44,0,22,0,0,0,0,0,89,0,0,0,0,44,0,44,0,0,44,0,0,0,0,0,0,22,0,0,0,67,156,0,67,3604
"51045",0,0,56,0,0,0,0,0,0,0,0,336,0,0,0,0,0,28,0,0,0,0,5868,0,0,0,0,0,0,0,28,0,28,0,224,0,0,0,0,0,0,0,0,0,0,0,0,0,0,0,0,0,0,0,0,0,0,0,0,589,0,0,84,0,0,0,0,0,0,0,0,0,0,140,0,0,954,28,84,0,0,0,0,0,0,0,0,0,0,0,0,0,0,0,0,0,0,0,0,0,0,0,0,0,0,0,0,0,0,0,112,0,0,0,0,0,0,0,0,0,0,0,0,0,0,1067,1095,0,0,28,0,0,0
"51047",0,838,0,18,72,0,273,91,0,54,0,0,54,18,0,18,54,0,0,0,182,0,0,74230,0,0,36,18,1750,6948,0,18,36,200,36,0,72,0,510,18,0,109,273,0,0,0,164,0,91,36,18,0,674,383,18,1167,18,72,0,72,91,36,0,0,0,2389,310,0,0,18,36,36,3355,0,547,91,72,109,109,0,0,54,0,0,2644,674,0,0,0,838,18,91,0,0,54,72,36,36,310,72,0,0,0,0,127,18,0,1276,0,0,164,18,0,18,401,72,0,18,54,0,0,0,0,0,36,18,91,72,54,419,54,18,255
"51049",301,218,0,54,0,246,54,27,0,54,0,27,0,0,1039,54,0,0,27,0,1614,0,0,0,9002,0,0,0,27,27,0,54,54,0,0,0,273,27,0,0,0,54,519,0,0,0,273,0,0,27,0,0,27,136,82,0,0,27,0,0,0,27,27,0,54,27,0,0,0,2435,2298,0,0,0,0,0,54,54,0,0,0,0,0,0,27,0,0,0,0,0,27,27,0,0,136,0,0,0,27,0,0,0,0,0,0,0,0,0,0,0,0,0,0,273,0,0,0,0,0,0,0,0,0,0,191,164,0,0,0,0,27,27,0
"51051",0,0,0,0,0,0,0,0,0,0,19,0,0,813,0,0,0,0,0,0,19,0,0,0,0,20263,0,0,0,0,0,0,0,0,0,0,0,0,0,0,0,77,135,0,0,0,0,0,0,0,0,213,0,0,0,0,0,0,0,0,0,0,0,0,0,0,116,0,0,0,0,0,0,0,0,0,0,0,0,1065,193,0,0,0,0,0,0,0,154,96,1317,0,3138,58,0,0,542,0,0,0,0,0,0,0,0,0,0,0,0,0,0,0,0,0,0,0,0,0,0,1549,0,0,0,0,77,0,0,19,0,0,0,0,0
"51053",0,0,0,283,20,0,0,101,0,40,0,0,809,0,0,0,141,0,80,40,7402,0,0,0,20,0,39441,0,0,40,101,0,0,0,0,121,40,0,0,262,60,182,1436,0,0,60,505,20,40,141,0,0,60,20,20,0,0,748,101,20,0,222,20,0,1051,0,0,20,0,80,182,2649,101,0,20,0,20,0,60,0,0,0,0,80,101,40,40,606,0,0,20,20,0,0,80,20,0,0,0,20,6553,0,0,303,0,0,20,20,0,80,0,1314,0,60,20,0,0,141,40,0,3822,0,0,0,788,20,0,0,60,465,60,161,0
"51057",0,174,0,24,0,0,0,0,0,0,0,0,0,0,0,24,174,0,0,0,398,0,0,0,0,0,0,14939,0,49,0,0,0,0,0,248,49,0,0,0,0,1319,597,0,0,0,99,473,174,746,273,0,149,24,0,0,149,0,373,0,0,0,0,124,0,24,0,0,0,49,49,24,0,0,0,995,0,0,0,0,0,0,0,0,398,49,0,0,0,0,0,273,0,0,24,0,0,0,0,0,0,0,0,0,0,0,0,124,0,49,0,24,0,74,0,0,0,49,24,0,24,0,0,0,224,0,0,0,0,199,0,49,0
"51059",393,3229,28,0,168,0,42710,1067,140,533,84,477,84,56,0,224,1516,84,28,0,2779,673,0,1965,28,56,84,112,1700229,4857,168,196,252,1656,336,702,589,28,449,533,28,2077,5363,84,84,56,2948,0,505,0,421,0,79608,1207,0,758,140,365,196,5447,533,533,308,954,28,1432,1797,0,28,0,814,393,68601,224,730,84,336,898,1797,28,0,2077,252,28,4240,6851,56,477,0,3847,56,1516,112,196,1909,40436,84,0,2499,926,505,0,0,673,36617,11597,28,3650,0,702,2723,28,421,505,5700,1263,0,1741,1375,28,449,84,280,308,3678,449,308,589,224,4773,308,1600,1038
"51061",21,190,42,0,0,105,422,63,0,105,0,84,0,0,0,63,253,0,21,0,316,232,0,3991,21,0,21,21,5322,94571,0,21,190,781,0,42,63,0,190,0,21,147,359,0,0,21,84,0,253,0,21,0,2576,865,0,316,0,168,105,422,126,21,0,105,0,654,337,0,0,21,168,0,16557,42,591,0,147,63,274,0,0,274,84,0,1224,3442,0,63,42,1267,232,190,0,63,84,253,105,0,168,126,0,0,21,42,295,21,0,739,0,21,443,0,21,63,1710,211,0,63,295,0,0,0,0,0,612,168,21,0,42,1351,63,126,612
"51063",0,0,224,0,0,61,0,0,0,183,0,245,0,0,0,81,0,817,0,122,20,0,0,0,20,0,0,0,0,0,20653,0,306,81,40,0,0,40,0,0,0,0,0,61,0,61,40,0,0,0,0,0,0,0,0,0,0,61,0,6578,0,0,0,0,0,0,0,204,0,0,0,0,0,1103,0,0,1287,81,163,0,0,61,0,0,0,0,61,0,0,20,0,0,0,183,61,0,0,0,0,20,0,122,0,0,0,0,0,0,224,0,61,0,0,122,0,0,20,0,0,0,0,0,0,612,0,1164,510,20,0,0,40,61,0
"51065",0,9723,0,0,58,255,0,157,0,58,0,0,0,0,766,98,0,0,0,0,196,0,0,176,19,0,0,0,39,39,0,31486,78,19,0,0,549,0,235,0,39,235,1492,39,0,19,98,0,39,0,0,0,19,4498,39,117,39,19,0,0,216,117,0,58,0,353,19,19,39,39,235,0,157,0,19,19,19,157,176,0,0,0,0,0,176,19,19,0,0,0,0,0,0,0,78,0,0,0,3908,0,0,0,0,0,0,0,0,0,0,39,216,0,0,235,0,0,39,19,78,0,0,137,0,0,255,19,0,58,0,333,274,19,0
"51067",0,281,52,35,87,35,17,123,0,2690,0,1107,35,0,17,351,0,298,0,35,369,0,140,0,0,0,0,0,35,0,334,210,85048,140,140,87,0,35,17,0,228,70,105,4290,0,0,52,0,0,0,0,17,263,35,52,0,0,281,35,632,17,17,0,0,140,0,0,527,1494,87,87,0,298,87,0,0,7208,175,210,17,17,0,70,0,17,17,17,0,35,35,158,0,17,263,105,17,70,35,123,0,0,0,439,0,0,0,35,0,70,0,175,0,17,1037,35,0,1459,35,70,0,0,0,17,140,17,9494,1441,35,0,52,0,0,263
"51069",81,81,0,0,48,0,243,162,0,16,0,48,0,113,0,0,32,0,0,0,97,3003,0,81,16,0,16,0,2727,795,0,0,81,122077,0,0,16,0,32,32,0,146,194,0,0,0,48,0,81,0,0,16,5373,211,0,16,0,48,16,162,64,16,0,0,0,32,422,0,0,32,48,32,1964,0,64,0,0,81,275,48,0,2483,16,0,324,373,0,32,16,4236,48,129,32,0,162,194,16,32,32,48,0,0,0,0,146,48,0,113,0,48,454,0,48,16,438,48,0,129,81,16,0,16,64,81,178,16,97,0,64,243,64,32,29123
"51071",0,16,0,0,0,0,0,16,0,113,16,0,0,16,0,32,0,177,0,0,32,0,80,48,0,32,0,0,0,16,64,16,64,0,25832,0,0,32,0,0,0,0,80,0,0,0,0,0,0,0,0,0,0,0,0,0,0,0,0,4868,0,16,0,0,0,0,0,0,0,0,0,0,16,1779,0,0,80,16,0,0,0,0,16,0,0,0,0,0,258,0,80,0,32,129,0,16,16,0,0,16,0,32,0,0,0,0,0,0,0,0,16,0,32,129,0,0,0,0,0,0,0,0,0,274,16,355,194,0,0,0,16,0,0
"51073",32,129,32,16,48,0,0,0,0,48,16,32,16,0,0,0,97,0,32,0,615,0,0,32,0,0,0,340,16,0,0,0,0,64,0,60406,16,0,0,0,0,259,453,0,0,97,1700,259,48,242,161,0,32,16,0,0,1052,0,1166,16,64,404,0,97,0,0,0,0,0,48,80,16,0,0,16,64,0,32,0,0,0,0,0,16,0,48,32,64,0,32,80,210,0,0,4162,0,32,0,64,242,16,0,0,48,0,0,0,32,0,1230,0,16,0,129,0,0,0,4615,404,0,0,113,178,0,259,0,0,32,97,761,0,874,16
"51075",0,354,0,78,19,19,0,39,0,0,19,78,59,0,59,0,19,19,0,19,1990,19,39,0,59,0,59,19,39,0,0,118,0,78,0,0,26256,0,19,19,19,1517,12536,19,0,59,236,0,0,59,157,0,19,1734,256,0,59,0,78,59,19,59,0,216,39,39,19,19,0,709,39,78,78,0,19,39,59,39,39,0,0,0,0,0,216,59,0,0,39,0,0,98,0,0,59,0,19,0,157,177,39,0,19,19,0,0,0,78,0,19,78,19,0,39,39,0,0,78,39,0,78,0,19,0,2247,78,0,39,0,157,19,137,19
"51077",0,151,0,0,0,0,0,0,0,0,0,50,0,0,0,25,0,1416,0,0,0,0,0,0,0,75,0,0,0,0,25,0,202,0,0,0,0,15230,0,0,0,0,0,75,0,0,0,0,0,0,0,0,0,50,25,0,0,0,0,328,0,0,0,0,0,25,0,0,25,0,50,0,0,177,0,0,25,25,0,0,0,0,278,0,0,0,0,0,0,0,455,0,0,1163,0,0,151,0,25,0,0,0,0,0,0,0,0,0,7134,0,0,0,0,0,0,0,25,0,0,0,0,0,0,25,25,25,0,0,0,0,0,0,0
"51079",0,7260,0,0,0,47,0,283,0,0,0,47,0,0,0,23,47,0,0,0,94,0,0,307,0,0,23,0,23,94,0,118,70,0,0,0,141,0,25777,0,0,118,165,0,0,0,47,0,189,0,0,0,94,425,0,662,0,23,23,23,94,0,0,0,23,1277,118,0,0,23,141,0,47,0,94,0,47,23,756,0,0,47,0,0,165,118,0,0,0,23,0,141,0,47,70,0,0,23,2293,0,0,23,0,0,0,0,0,141,23,23,331,0,0,23,47,0,0,70,0,0,0,0,23,23,47,118,0,23,0,0,189,0,0
"51081",0,0,0,71,0,0,0,0,0,35,0,0,1542,0,0,0,0,0,0,0,789,0,0,0,35,0,215,0,0,0,0,0,0,0,0,0,0,0,0,12056,0,107,287,0,0,0,0,0,0,0,0,0,0,0,0,0,0,143,0,0,0,0,0,0,251,0,0,0,0,71,71,251,0,0,0,0,0,0,0,0,0,0,0,358,0,0,35,897,0,0,0,0,0,0,0,0,0,0,0,35,645,0,0,6100,0,0,35,0,0,0,0,0,0,0,0,0,0,0,0,0,287,0,0,0,71,107,0,0,143,287,0,0,0
"51083",0,282,0,43,195,43,0,21,0,565,0,21,65,0,86,2673,0,21,43,391,130,0,0,108,21,0,0,0,108,65,0,21,173,0,21,0,43,0,21,21,59414,21,86,239,0,21,86,0,0,0,0,0,130,43,195,0,0,1978,86,0,21,0,0,0,21,43,21,65,1369,0,217,0,0,0,21,0,0,0,21,0,0,21,0,21,43,0,0,21,0,43,0,0,0,108,21,282,21,0,21,0,0,0,3456,43,0,0,0,0,0,21,43,21,65,1608,0,0,21,0,0,0,0,0,0,21,86,21,130,21,0,239,0,0,0
"51085",99,370,57,156,57,0,1026,142,28,114,0,42,85,0,71,57,2010,28,256,57,5761,0,0,85,28,0,199,1026,427,313,0,42,185,28,14,328,2324,0,42,42,42,167688,33557,71,0,85,1212,299,114,2167,427,0,484,855,0,0,285,313,1340,213,299,1668,14,385,71,114,114,114,42,328,442,370,427,42,14,228,85,142,185,0,0,28,14,99,1597,484,85,128,0,71,14,71,0,28,328,99,0,0,185,385,213,14,71,42,28,42,42,641,14,356,399,313,71,228,57,0,14,541,242,0,213,114,85,14,7444,242,42,57,114,1269,213,399,14
"51087",47,1725,47,496,189,189,354,614,0,330,0,118,212,0,94,94,1938,23,1134,0,30546,70,0,118,401,0,685,827,1584,189,0,472,118,212,23,378,8274,47,165,118,118,31184,550310,70,0,260,3522,591,449,1489,1016,0,780,1536,23,189,543,307,827,874,732,4823,189,685,236,165,70,0,94,1820,803,1158,1300,70,23,118,141,165,591,70,0,189,94,23,1560,709,0,283,47,70,70,189,0,118,1513,472,47,0,756,1513,1158,23,23,94,141,94,0,449,0,1300,945,709,212,543,189,0,23,1702,1087,0,1418,94,614,23,52179,94,94,118,449,5721,189,1560,23
"51089",0,131,0,0,18,0,0,18,0,224,37,149,18,0,0,318,18,131,0,0,0,0,0,0,18,0,0,0,18,18,56,0,4086,18,93,0,0,18,0,0,374,112,131,84303,0,18,37,0,0,0,0,0,37,0,18,0,0,281,0,168,56,18,0,0,37,0,37,1780,1499,0,131,0,18,56,0,0,749,74,112,18,0,0,37,0,0,0,0,0,0,37,0,0,0,187,0,0,37,0,112,18,0,0,3411,0,0,0,0,0,0,37,168,0,37,168,0,0,13684,37,0,0,0,0,18,74,0,1668,131,56,37,56,0,0,0
"51091",0,0,0,0,0,0,0,98,32,0,0,0,0,0,0,0,0,0,0,0,0,0,0,0,0,0,0,0,0,0,0,0,0,0,0,0,0,0,0,0,0,0,0,0,2033,0,0,0,32,0,0,0,0,0,0,0,0,0,0,0,0,0,0,0,0,0,0,0,0,0,0,0,0,0,0,0,32,0,65,0,0,0,0,0,0,0,0,0,0,0,0,0,0,0,0,0,0,0,0,0,0,0,0,0,0,0,0,0,0,0,196,0,0,0,0,0,0,0,0,0,0,0,0,0,0,0,0,393,0,0,0,0,0
"51093",78,63,0,0,0,0,15,31,0,31,0,0,47,0,15,15,78,0,0,47,346,0,0,0,0,15,78,0,31,15,0,0,0,31,0,299,94,0,63,31,63,94,315,0,0,48177,1024,0,0,15,15,0,0,94,0,0,47,94,110,0,31,78,126,0,15,0,0,0,0,0,15,126,157,0,0,0,0,31,94,15,0,0,0,551,94,63,409,315,0,0,47,0,15,47,945,141,31,0,47,4018,0,0,0,63,0,0,1087,78,0,4034,110,31,47,15,15,0,0,5468,945,15,0,31,724,0,141,15,0,0,8368,2174,31,315,15
"51095",93,318,0,18,0,37,37,0,0,56,0,18,37,0,0,0,56,0,356,0,1069,0,0,0,0,0,150,18,262,56,0,0,0,0,0,769,112,0,56,18,18,187,1819,0,0,300,94728,262,0,412,75,0,281,150,0,18,18,37,168,93,56,1594,56,75,18,56,18,0,0,18,206,131,150,0,0,37,18,112,37,0,0,0,0,37,243,93,318,18,0,0,0,93,0,0,11723,18,0,0,56,806,56,0,0,0,0,0,0,168,0,1313,262,37,18,18,0,0,0,5364,318,0,37,131,300,0,806,0,18,0,393,1613,56,11198,37
"51097",0,0,0,0,0,0,0,0,0,0,0,0,24,0,73,0,122,0,24,0,146,0,0,0,0,0,0,1271,24,24,0,0,0,48,0,1222,48,0,0,0,0,1442,464,0,0,0,440,6088,0,1760,48,0,0,0,0,0,73,24,220,0,0,660,0,0,0,0,0,0,0,0,0,24,24,48,0,195,0,0,0,0,0,0,0,0,0,48,0,0,0,0,0,73,0,0,171,0,0,0,0,0,0,0,0,0,0,0,0,24,0,0,0,0,0,0,0,0,0,440,0,0,0,48,0,48,97,0,0,0,0,0,0,48,0
"51099",0,0,15,15,31,0,142,63,0,0,0,0,0,0,31,0,663,0,0,0,331,0,0,142,15,0,0,157,394,15,0,0,0,15,0,31,0,0,15,0,0,299,236,0,0,0,94,31,30990,0,0,0,205,0,0,110,0,15,31,63,0,31,0,47,0,78,0,0,0,0,0,0,568,0,15,31,0,31,78,0,0,15,0,0,3599,4183,0,15,0,31,0,1247,0,0,0,0,0,0,31,94,0,0,0,0,15,0,0,3536,0,15,0,0,0,63,15,0,0,47,63,0,0,0,31,0,236,0,15,0,31,284,0,94,0
"51101",14,70,0,14,28,70,98,14,0,56,0,0,28,0,0,42,464,0,211,14,675,0,0,0,14,0,98,858,56,56,0,0,0,0,0,689,197,0,0,0,0,7247,2645,0,0,28,1336,900,14,20349,168,0,112,98,0,0,56,28,295,126,28,1069,0,154,0,112,14,0,0,56,0,28,56,0,0,168,0,56,14,0,0,0,14,42,379,84,0,14,0,0,0,112,0,28,577,0,0,0,70,197,28,0,0,14,28,0,0,126,0,239,28,0,14,42,0,0,0,492,70,0,14,0,70,28,731,98,14,0,84,211,0,408,0
"51103",26,0,0,0,0,0,0,0,0,0,0,0,0,0,0,0,78,0,0,0,234,0,0,0,0,0,0,130,0,0,0,0,0,0,0,1040,0,0,0,0,0,104,234,0,0,0,78,26,52,0,12511,0,26,26,0,0,52,0,1040,0,0,0,26,832,0,0,0,0,0,0,0,52,26,0,0,416,0,0,0,0,0,0,0,0,26,0,0,0,0,0,0,78,0,0,182,0,0,0,0,78,52,0,0,0,0,0,0,26,0,182,0,0,0,0,0,0,0,598,104,0,0,0,0,0,78,0,0,0,0,156,0,52,0
"51105",0,0,0,0,0,0,0,23,0,0,46,0,0,46,0,0,0,0,0,0,0,0,0,0,0,70,0,0,0,0,0,0,23,0,0,0,0,0,0,0,0,0,23,0,0,0,0,0,0,0,0,32088,0,0,0,0,0,0,0,0,0,0,0,0,0,0,0,0,0,0,0,0,0,0,0,0,0,0,0,46,1829,0,0,0,0,0,0,0,0,0,258,0,3307,0,0,0,281,0,0,0,0,0,0,0,0,0,0,0,0,0,0,0,0,0,0,0,0,0,0,469,0,0,0,0,0,0,0,0,0,0,0,0,0
"51107",131,1030,18,0,18,0,5267,262,56,299,0,374,0,0,0,112,843,18,0,18,1930,1649,0,393,0,0,56,56,63579,3223,0,131,318,2736,0,56,281,18,168,56,37,787,2343,0,0,0,862,0,131,37,112,0,613961,768,0,243,0,74,74,3223,56,262,74,243,0,187,337,0,74,0,168,93,15463,149,112,37,93,412,993,0,18,768,243,0,1162,1705,0,356,0,993,281,337,0,412,468,2080,37,0,993,431,168,0,74,131,2492,599,37,824,37,599,1930,93,206,149,1143,281,18,656,618,0,112,37,131,112,1874,224,131,18,112,1387,168,431,1293
"51109",19,4694,0,0,118,138,0,316,0,99,0,0,0,0,99,59,217,39,0,0,1267,79,0,356,138,0,39,19,257,198,0,1406,39,59,0,59,2060,0,515,19,99,3189,5467,19,0,0,237,0,39,99,59,0,138,47662,0,198,79,59,158,19,39,297,0,19,19,1664,79,0,0,59,257,198,297,0,0,0,0,79,178,19,0,19,19,19,2416,534,0,0,19,79,39,79,0,39,118,59,39,0,1763,39,118,0,0,19,19,0,0,534,0,19,138,0,0,99,0,19,0,158,138,0,19,0,19,0,495,59,19,237,19,633,237,39,0
"51111",0,214,0,160,26,26,0,53,0,0,0,0,214,0,0,0,0,53,0,697,1046,53,0,26,0,0,187,0,0,80,0,0,53,80,0,0,80,26,0,26,187,80,214,0,0,0,0,0,0,0,0,0,0,53,13737,0,0,3353,0,0,80,0,0,0,1529,0,26,0,26,53,1422,0,0,0,0,0,0,0,26,0,0,0,0,0,0,26,0,0,0,0,80,0,0,53,0,0,0,0,26,107,160,0,0,53,0,0,0,0,0,0,0,0,0,241,0,0,0,0,26,0,26,0,0,0,80,0,0,26,0,80,80,0,0
"51113",0,1126,0,0,0,0,26,26,0,26,0,26,0,0,0,78,0,0,0,0,209,26,0,3352,0,0,0,0,157,314,0,0,0,0,0,0,52,0,2776,0,0,52,471,0,52,0,0,0,0,26,26,0,52,261,0,15112,0,0,0,0,52,0,0,0,26,1519,52,0,26,26,0,0,523,0,157,0,0,0,130,0,0,0,26,26,445,104,0,0,0,104,104,157,0,52,0,0,26,0,497,0,0,0,0,0,0,0,0,157,0,0,104,0,0,130,0,26,0,0,0,0,0,0,26,0,157,26,0,0,0,0,0,0,0
"51115",0,42,0,0,0,0,0,0,0,21,0,21,0,0,0,21,0,0,0,0,233,0,0,0,0,0,0,255,0,0,0,0,0,0,0,4360,42,0,0,0,0,127,212,0,0,0,255,85,0,85,85,0,0,63,0,0,10230,0,255,42,0,42,0,191,0,0,0,0,0,0,0,0,0,0,0,127,42,0,0,0,0,0,0,0,0,42,0,0,0,0,0,0,0,0,233,0,0,0,0,21,0,0,0,0,0,0,0,0,0,361,0,0,0,0,0,0,0,701,63,0,0,0,42,0,170,0,0,0,0,425,0,106,0
"51117",0,18,0,130,0,130,37,0,0,18,0,74,2199,0,18,316,18,0,0,633,988,0,0,0,37,0,261,0,18,37,0,18,74,0,0,0,55,0,0,167,2703,130,615,18,0,93,111,0,37,37,0,0,149,37,652,0,0,50393,0,0,0,111,0,0,633,37,0,0,74,18,596,0,74,0,0,0,74,18,55,0,0,0,0,0,55,0,0,55,0,0,0,0,0,0,93,18,0,0,0,111,522,0,783,298,0,0,0,0,0,0,0,74,0,130,0,0,0,93,18,0,111,0,37,0,354,93,242,37,149,242,0,149,0
"51119",0,0,0,0,22,0,0,0,0,22,0,0,0,0,0,0,22,0,45,0,159,0,0,0,0,0,0,318,0,0,0,0,0,0,0,2568,0,0,0,0,0,45,250,0,0,0,295,136,0,250,1500,0,0,0,0,0,159,0,11887,0,22,295,0,22,0,0,0,0,0,22,45,0,0,0,0,45,0,0,0,0,0,0,0,0,0,0,0,0,0,0,0,0,0,0,295,0,0,0,0,22,0,0,0,0,0,0,0,0,0,181,0,22,0,68,0,0,0,431,45,0,0,0,45,0,90,0,0,0,22,22,0,136,0
"51121",0,503,64,64,48,48,81,324,48,860,16,633,0,16,97,129,0,471,0,64,454,0,97,16,81,16,0,32,1088,97,990,0,406,97,1900,406,162,97,0,16,32,308,714,113,0,64,276,0,0,48,0,48,796,64,0,0,0,97,97,175690,113,81,0,16,0,16,81,194,178,64,324,16,519,5848,16,32,2631,389,178,162,48,48,146,64,64,64,16,32,129,113,812,16,178,536,162,64,373,48,389,259,64,48,113,0,16,0,16,16,243,32,536,16,178,422,0,16,32,48,146,97,32,16,48,3135,406,4386,2469,146,162,487,194,194,32
"51125",0,2402,92,23,2217,161,0,900,0,600,0,0,0,0,138,254,0,46,0,0,161,0,0,46,0,0,0,0,69,0,23,138,69,46,0,23,69,23,69,0,0,23,300,0,23,0,0,0,0,0,0,0,231,254,0,23,0,23,92,0,16448,0,0,0,0,92,23,0,0,69,23,0,0,0,23,0,46,184,184,0,0,69,0,0,46,0,0,0,0,23,0,0,0,0,0,23,0,46,1524,23,23,46,0,0,0,0,0,0,0,23,207,0,0,1686,0,0,0,92,0,0,0,0,23,0,46,92,46,254,0,46,2287,23,115
"51127",0,57,0,57,28,0,14,0,0,28,0,0,28,0,0,0,357,0,585,0,1186,0,0,0,57,0,71,100,85,0,0,28,42,0,0,500,300,0,28,14,0,3001,5402,28,0,57,3215,171,14,771,142,0,42,100,28,0,14,28,485,228,0,24710,14,85,28,42,28,0,0,100,0,157,28,0,0,57,0,0,0,0,0,0,0,14,42,28,0,42,0,0,0,28,0,57,1714,28,0,0,0,157,142,0,42,14,28,0,0,28,0,285,0,42,0,0,0,0,14,285,157,0,42,0,57,0,857,0,0,0,100,228,28,671,0
"51131",3259,0,0,24,0,74,0,0,0,0,0,0,0,0,0,0,0,0,0,24,149,0,0,0,0,0,49,0,0,0,0,0,0,0,0,24,0,0,0,0,24,0,149,0,0,0,124,0,0,0,24,0,0,0,0,0,0,0,24,0,0,149,13262,0,0,0,0,0,0,174,0,24,0,0,0,0,0,99,0,0,0,24,0,24,0,0,0,0,0,0,0,0,0,0,24,0,0,0,0,124,0,0,0,24,0,0,0,0,0,199,0,99,0,0,0,0,0,74,348,0,24,0,124,0,0,74,0,0,49,1045,99,49,0
"51133",24,0,0,0,0,0,0,24,0,0,0,48,0,0,0,0,0,0,0,0,169,0,0,0,0,0,0,1139,145,0,0,0,0,0,0,485,0,0,0,0,0,388,291,0,0,24,218,48,97,194,2401,0,97,48,0,0,194,0,266,48,0,24,0,14406,0,0,0,0,0,0,0,97,97,0,0,1721,0,24,0,0,0,0,0,0,121,48,0,0,0,0,0,654,0,0,48,48,0,0,0,72,0,0,0,0,0,0,0,48,0,24,0,24,0,24,0,0,0,121,0,0,0,0,0,0,24,72,0,0,72,24,0,121,0
"51135",0,109,0,737,109,54,0,0,0,163,0,27,109,0,27,81,54,81,0,54,3766,0,0,0,272,0,682,0,27,0,0,0,163,0,0,0,0,0,0,0,27,54,573,54,0,54,109,0,27,27,0,0,0,0,791,0,0,627,54,0,27,0,0,0,20800,0,0,54,109,109,2456,272,27,0,0,0,27,54,27,0,0,0,0,0,81,0,0,27,0,0,0,0,0,27,191,27,0,27,54,0,573,0,0,54,0,0,0,0,0,27,81,54,0,136,0,0,81,218,0,0,245,0,0,0,409,0,0,0,0,81,0,54,0
"51137",0,2363,0,44,66,0,44,110,0,0,0,0,44,0,0,132,287,0,0,0,640,44,0,4814,44,0,44,0,331,1148,0,198,66,110,0,0,176,0,1766,22,0,198,1015,66,0,0,132,0,154,0,0,0,88,2716,0,905,22,22,0,0,198,44,0,0,0,46114,22,66,22,22,66,22,971,22,176,0,22,22,287,0,0,154,0,0,8149,1391,0,0,44,0,44,176,44,44,110,22,0,0,463,66,0,0,66,0,0,0,0,2628,0,0,154,0,0,154,110,22,0,66,44,0,0,0,0,0,441,198,0,44,0,883,0,110,44
"51139",0,436,0,0,0,0,37,511,37,0,0,0,0,0,18,18,0,0,0,0,94,113,0,75,0,0,0,0,170,132,0,18,18,474,0,0,0,0,208,0,0,75,284,56,0,0,18,0,0,0,0,0,170,37,0,132,0,75,0,113,18,37,0,0,18,18,38871,0,0,0,18,0,322,37,18,0,18,37,4531,0,0,1289,37,18,94,132,0,0,0,1763,113,18,0,0,75,0,37,0,208,37,0,0,0,0,0,0,56,0,18,0,5138,0,37,0,18,0,18,75,0,0,0,0,37,0,0,18,37,18,0,56,189,37,417
"51141",0,146,0,0,0,0,0,0,0,275,0,0,18,0,73,36,36,550,0,55,0,0,0,0,0,0,0,0,18,0,311,0,532,0,0,0,55,36,0,0,165,128,128,4806,0,0,0,0,0,0,0,0,0,0,73,0,0,0,0,385,0,0,0,0,91,0,18,24747,275,0,18,0,18,73,0,0,165,18,0,0,0,0,55,0,18,0,0,0,146,55,18,0,0,146,0,18,0,0,55,0,0,0,678,0,0,0,0,55,128,0,0,0,0,91,18,0,953,0,0,0,18,0,0,73,0,73,18,18,0,0,0,0,0
"51143",0,215,19,58,175,156,19,0,0,1231,0,78,39,0,58,6743,0,39,0,97,293,19,39,39,39,0,19,0,19,39,19,156,1739,117,0,0,0,0,39,19,1426,175,156,2599,0,0,19,0,0,39,0,0,117,117,0,39,39,527,0,39,254,39,0,0,58,58,0,234,83560,0,136,0,19,19,39,0,312,19,0,19,0,19,0,0,78,0,0,0,78,0,19,0,39,58,78,19,19,0,136,39,0,19,38506,0,0,0,0,0,0,0,0,0,78,3342,0,0,2032,117,19,19,19,0,58,0,78,820,78,0,0,175,0,0,19
"51145",0,282,0,610,44,133,0,59,0,223,0,104,14,0,357,44,208,0,29,133,14477,0,0,14,833,0,74,59,74,0,14,59,193,0,59,104,892,0,0,29,29,788,3273,0,0,14,342,0,0,29,29,0,401,89,29,0,44,252,252,193,59,133,0,44,163,0,0,0,29,39579,431,29,0,119,0,29,89,0,0,0,0,0,0,14,119,59,14,14,0,0,14,104,0,44,163,14,0,0,89,312,193,0,14,0,0,0,29,29,0,59,29,208,0,44,14,0,0,178,0,0,59,0,44,44,1532,104,14,44,14,491,59,74,0
"51147",0,367,0,390,91,1239,0,0,0,367,0,68,0,0,757,252,22,45,0,597,2709,22,22,45,872,0,114,0,183,68,0,91,413,22,22,114,137,91,22,0,344,298,780,68,0,22,298,0,68,45,0,0,252,160,252,0,0,206,0,137,68,22,0,0,1148,45,22,137,68,206,33800,183,68,0,0,0,0,91,22,0,0,0,0,91,137,45,0,22,0,0,0,0,0,68,91,0,0,0,206,206,114,0,22,0,0,22,22,0,22,45,0,68,68,1056,0,0,91,68,114,0,68,22,45,0,619,114,0,22,45,482,45,22,0
"51149",56,56,0,85,0,0,14,42,0,127,0,28,70,0,14,0,127,14,170,0,6920,0,0,0,14,0,1318,28,127,14,0,0,0,0,0,42,99,0,0,56,14,709,1630,0,0,113,510,28,0,14,56,0,0,28,0,0,70,198,85,0,56,326,0,0,85,28,0,0,0,70,14,42683,113,0,0,0,28,14,0,0,0,0,0,99,226,28,326,765,0,0,0,14,0,0,127,28,0,0,0,99,6012,0,0,127,14,0,42,113,0,141,0,4552,0,14,0,0,0,198,198,0,4495,0,170,0,836,42,0,85,170,567,14,184,0
"51153",170,404,63,42,85,21,7498,511,85,149,0,276,85,0,21,170,979,42,0,0,1469,276,0,1789,106,0,276,63,63947,12014,0,42,681,1363,21,21,319,21,170,85,85,1065,2897,0,0,106,979,42,426,21,85,0,17254,1533,21,276,0,340,106,852,383,362,63,21,0,617,468,106,63,106,362,170,677033,213,255,42,85,788,1171,0,0,681,42,0,5218,10714,21,85,0,2513,468,404,0,362,575,6220,106,0,745,1235,21,0,276,298,2598,766,0,2598,85,1661,1981,42,213,298,25008,3152,42,1001,873,21,21,21,255,63,1320,191,106,127,170,3706,191,213,596
"51155",0,75,0,0,56,0,0,112,0,508,37,225,0,0,18,94,0,583,37,0,75,0,56,0,18,18,0,0,0,0,131,0,169,0,1054,37,0,56,0,0,0,112,18,18,0,0,18,37,0,0,0,0,0,0,0,0,0,18,0,8453,0,18,0,0,0,0,37,150,0,0,56,0,18,50947,0,0,621,56,75,0,0,37,169,0,56,0,0,0,225,0,131,0,0,1506,0,0,75,0,0,37,0,18,0,0,0,0,0,0,131,0,18,0,56,37,0,0,0,0,94,18,0,0,0,3219,0,1054,414,112,0,0,75,0,0
"51157",0,21,0,0,0,0,0,0,0,0,0,0,0,0,0,0,0,0,0,0,0,0,0,967,0,0,0,0,171,1762,0,0,0,150,0,0,0,0,21,0,0,21,0,0,0,0,42,0,0,0,0,0,300,21,0,21,0,0,0,0,0,0,0,0,0,64,451,0,0,0,0,0,236,0,7179,0,0,21,171,0,0,42,0,0,0,85,0,0,0,1784,0,21,0,0,0,21,0,0,0,0,0,0,0,0,0,0,0,0,0,0,107,0,0,0,42,0,21,0,0,0,0,0,0,0,21,42,0,0,0,0,0,0,107
"51159",49,0,0,0,0,0,0,0,0,0,0,0,0,0,0,24,24,0,0,0,597,0,0,49,0,0,0,2416,0,0,0,0,0,0,0,49,0,0,0,0,0,971,298,0,0,0,124,124,249,373,797,0,24,0,0,0,124,24,24,99,0,0,0,1693,0,0,0,0,0,0,0,24,0,0,0,10711,0,0,0,0,0,0,0,0,249,199,0,0,0,0,0,1320,0,0,124,0,0,0,0,99,24,0,0,0,0,0,0,49,0,0,0,0,24,49,0,0,0,0,199,0,0,0,0,0,49,0,0,0,0,0,0,99,0
"51161",0,278,114,32,81,131,0,278,32,5012,16,5406,0,0,16,360,32,229,0,32,327,16,196,131,32,16,0,0,229,98,491,32,4324,65,262,32,65,0,0,0,81,98,688,540,0,0,196,0,0,0,0,0,294,65,0,0,0,32,0,3767,163,0,98,0,49,49,49,98,163,32,81,0,671,589,32,0,123830,311,163,16,16,114,180,0,32,32,0,0,16,32,344,0,49,409,196,0,81,98,262,147,0,212,32,0,16,0,0,16,0,16,589,0,131,819,32,0,32,16,245,0,16,0,0,294,196,45492,19265,180,0,851,98,245,16
"51163",0,259,117,0,212,70,0,1672,0,636,0,871,0,23,23,141,0,0,47,70,94,0,0,47,0,0,0,0,0,0,0,0,94,0,0,23,94,0,70,0,23,47,70,188,0,0,23,47,0,47,0,0,0,47,0,47,0,282,0,47,0,70,0,0,23,23,23,23,0,47,259,0,0,0,0,0,777,29705,212,0,0,23,0,0,0,0,0,0,23,0,0,0,0,47,0,23,0,1931,141,0,0,141,0,0,0,0,0,23,0,94,282,0,5653,424,0,0,0,0,70,0,0,0,0,0,23,918,518,824,23,23,706,47,0
"51165",0,1836,18,36,72,0,54,6627,72,216,0,90,0,0,36,162,54,36,0,0,468,54,90,162,36,0,0,0,450,198,0,54,468,540,0,0,162,0,684,0,18,198,702,36,72,18,216,0,18,0,54,0,1170,432,54,288,18,180,18,288,450,36,0,72,0,306,2503,0,36,0,18,0,630,36,36,0,324,270,111994,0,0,3349,0,0,378,126,0,72,0,540,72,54,0,72,216,54,54,36,666,54,0,18,18,0,18,18,0,72,0,144,42085,0,72,288,0,0,18,360,18,0,0,36,36,0,162,576,216,1296,0,432,2215,126,396
"51167",0,19,19,0,0,19,0,19,0,0,0,57,0,420,0,0,0,19,0,0,0,0,38,0,19,76,0,0,0,19,0,0,153,19,76,0,0,0,0,38,0,0,0,0,0,0,0,0,0,19,0,57,0,0,0,0,0,0,0,57,0,19,0,0,0,19,0,0,0,0,0,0,19,19,0,0,0,57,0,38592,516,0,38,0,38,38,0,0,5012,0,5682,0,1779,95,0,0,2315,0,0,0,0,0,0,0,0,0,0,0,0,0,0,0,0,0,0,0,0,0,0,287,38,0,0,0,0,38,0,19,0,0,0,0,0
"51169",0,0,0,0,0,0,0,0,0,0,22,0,0,0,0,0,0,0,0,0,0,0,0,0,0,89,0,0,0,0,0,0,0,0,0,0,0,0,0,0,0,0,22,0,0,0,0,0,0,0,0,736,0,0,0,0,0,0,0,44,0,0,0,0,0,0,0,0,0,0,0,0,0,0,0,0,66,0,0,379,29316,0,66,0,0,0,0,0,22,0,602,0,1003,89,0,0,535,0,0,0,0,0,0,0,0,0,0,0,0,0,0,0,0,0,0,0,0,0,0,334,0,0,0,0,0,0,0,0,0,0,0,0,0
"51171",0,172,0,34,17,0,17,516,0,120,0,34,0,0,0,0,17,0,17,17,68,344,0,154,0,0,0,0,705,533,0,0,17,5490,0,0,0,0,34,0,0,17,120,17,0,0,51,0,0,0,103,0,946,34,0,17,0,0,17,137,206,86,0,0,68,34,705,0,0,0,0,0,619,68,51,0,17,34,2289,0,0,67486,0,0,34,34,0,0,0,5077,34,17,0,51,34,172,34,0,154,137,0,0,0,0,34,0,0,0,0,68,3820,0,17,68,34,0,0,0,34,0,0,0,51,68,34,17,34,103,0,120,172,68,4113
"51173",0,0,21,0,0,0,0,0,0,21,0,87,0,21,21,21,0,87,0,0,43,0,0,0,0,0,0,0,0,0,43,21,21,43,43,0,0,21,0,0,0,43,87,21,0,0,0,0,0,0,0,0,21,0,0,0,0,0,0,283,0,0,0,0,21,0,0,65,21,0,0,0,0,130,0,0,152,0,21,392,43,0,45239,0,0,0,0,0,763,109,7660,0,0,3011,0,0,2378,0,0,0,0,43,21,0,0,0,0,0,0,0,21,0,0,196,0,0,21,0,0,43,0,0,0,43,21,196,87,0,0,0,0,0,0
"51175",0,0,0,23,47,23,0,95,0,23,0,0,215,0,0,23,0,0,23,0,95,0,0,23,23,0,167,0,23,23,0,0,0,0,0,0,0,0,0,263,71,95,239,0,0,2920,646,0,0,191,0,0,0,71,0,23,71,287,71,0,263,71,143,0,0,0,0,0,23,0,0,215,0,0,0,0,23,0,0,0,0,0,0,20709,0,47,383,766,0,0,0,0,0,0,191,71,0,0,0,1604,119,0,23,646,0,0,6152,143,0,359,0,47,0,23,0,0,0,287,239,0,95,0,526,0,95,0,0,23,3112,694,71,215,0
"51177",0,574,19,0,0,0,497,287,0,38,0,19,0,0,38,19,4537,19,57,0,1608,38,0,1263,57,0,38,555,2948,957,0,19,134,210,0,210,114,19,38,76,57,2220,3024,0,0,0,440,19,1608,38,210,0,440,3005,0,497,153,153,134,191,172,229,38,76,38,5226,19,0,0,95,172,76,4460,57,57,363,134,172,344,0,0,57,95,76,213297,12271,19,57,0,344,95,976,0,57,478,306,38,19,229,287,95,0,0,38,287,19,0,25403,0,153,210,114,76,0,440,76,0,287,402,0,57,0,19,134,1033,191,19,57,57,1493,114,325,57
"51179",128,201,18,54,54,36,1134,292,0,18,0,36,0,0,0,54,1006,0,18,0,658,36,0,915,0,0,73,109,6058,2654,0,0,36,237,18,18,128,36,18,73,0,951,2306,18,0,146,274,18,1885,91,128,0,2123,384,0,128,54,73,109,164,201,91,0,201,0,1061,164,0,36,0,0,54,18175,18,73,128,0,73,274,0,0,91,0,0,21763,219187,109,18,73,292,18,1226,36,18,292,878,0,18,36,457,146,0,0,36,91,54,0,20976,0,237,183,18,91,0,695,54,0,274,366,0,36,0,36,0,768,54,0,91,73,1647,73,164,164
"51181",0,30,0,0,0,0,0,0,0,30,0,0,30,0,0,0,0,0,0,0,339,0,0,0,0,0,92,30,61,0,0,61,30,0,0,0,0,0,0,0,61,123,123,0,0,1420,988,0,0,30,30,0,0,92,0,0,0,0,0,0,30,123,0,61,0,0,0,0,0,0,0,370,0,0,0,61,0,61,0,0,0,0,0,401,0,92,7255,895,0,0,0,0,0,0,370,0,0,0,0,277,216,0,0,0,0,0,0,0,0,92,0,123,0,0,0,0,0,617,30,0,0,154,61,0,0,0,0,30,277,185,0,61,0
"51183",0,0,67,33,0,0,0,0,0,0,0,33,270,0,0,0,169,0,0,33,912,0,0,0,0,0,473,0,0,0,0,0,33,0,0,0,0,0,0,405,0,101,236,0,0,1082,439,0,33,33,0,0,0,33,0,0,0,33,0,0,0,33,0,0,0,0,0,0,0,101,0,1893,0,0,0,0,0,0,33,0,0,0,0,473,0,0,811,12950,0,0,0,0,0,0,0,0,0,0,0,0,1251,0,0,574,0,0,236,0,0,101,33,541,0,0,0,0,0,304,202,0,1318,0,0,0,135,0,0,0,811,169,0,202,0
"51185",0,0,0,0,18,0,0,131,18,94,301,131,0,847,0,18,0,56,0,0,0,0,0,0,0,0,0,0,0,0,18,0,169,0,131,0,0,0,0,0,0,0,0,0,0,0,37,0,0,0,225,0,0,0,0,0,0,0,0,602,0,0,0,0,0,37,0,0,37,0,18,0,56,432,0,0,338,0,75,2371,18,18,244,0,18,0,0,0,68871,0,2578,0,56,602,18,0,2070,0,0,56,0,0,18,0,0,0,0,0,18,18,75,0,0,56,37,0,0,0,37,37,0,0,56,169,0,319,131,56,18,37,0,37,0
"51187",52,156,0,0,0,0,69,17,0,0,0,0,0,0,17,17,34,0,0,0,139,940,0,243,87,0,0,0,1218,1514,0,17,0,4857,0,17,52,17,34,0,0,104,17,87,0,0,34,0,34,0,0,0,1183,17,0,52,0,0,0,17,0,17,52,0,0,69,591,34,0,0,17,0,2524,0,661,0,0,52,243,0,0,1671,0,0,121,470,0,0,0,66802,17,0,0,0,17,69,52,0,52,34,0,0,0,0,104,0,0,34,0,87,208,0,34,17,243,34,0,17,261,0,0,0,34,17,17,0,0,0,0,452,52,17,3081
"51191",0,184,0,18,0,18,0,73,0,18,129,55,0,276,0,0,36,92,0,0,18,0,0,0,0,129,18,0,0,0,0,0,73,73,0,0,0,18,0,0,0,92,36,184,0,0,0,0,0,0,0,0,0,0,0,0,0,0,0,110,0,0,0,0,0,0,0,18,55,0,0,0,0,166,0,0,129,55,110,1107,424,36,3268,0,36,0,0,0,406,0,81482,0,295,978,18,0,14476,36,73,0,18,0,55,0,0,0,0,0,18,92,203,0,0,73,0,0,18,73,0,73,0,0,0,36,18,129,55,18,0,0,36,0,0
"51193",0,67,0,0,0,67,0,0,0,22,0,0,0,0,0,22,383,0,0,45,112,0,0,67,22,0,0,1081,67,45,0,0,0,22,0,112,22,0,0,22,22,202,135,0,0,0,45,0,3830,67,67,0,135,0,0,22,22,22,180,135,0,67,0,247,0,22,22,0,0,45,0,0,180,0,22,1171,0,0,0,0,0,0,0,0,1441,923,0,0,0,0,0,20682,0,22,67,22,0,0,0,22,0,0,0,0,22,0,0,991,0,22,0,0,0,112,0,0,0,22,0,0,0,0,45,0,45,0,0,0,0,67,0,67,0
"51195",0,32,0,0,0,0,0,0,0,16,0,81,0,147,0,0,0,16,0,0,49,0,0,0,0,1357,0,0,32,0,0,0,228,16,0,0,0,0,0,0,0,0,32,98,0,0,0,0,0,0,0,1423,0,0,81,0,0,130,32,278,0,0,0,0,0,16,0,0,0,0,0,0,0,16,0,0,359,49,0,1292,1848,0,147,0,0,0,0,0,32,0,1701,0,55629,130,0,0,801,0,16,16,0,16,0,0,0,0,0,0,0,0,0,0,0,0,0,0,16,0,0,9454,0,0,0,32,0,49,147,0,0,0,0,0,0
"51197",0,154,0,0,0,0,38,77,0,38,387,116,19,0,19,19,0,1220,0,19,38,0,19,0,0,0,0,0,0,0,19,19,445,0,58,38,0,251,0,0,58,19,116,116,0,0,0,0,0,0,0,0,0,0,58,0,0,38,0,2343,0,0,0,0,58,0,19,58,38,0,77,0,0,2053,0,0,154,116,96,174,0,0,1181,0,0,0,0,0,309,19,832,0,0,44783,19,0,639,0,38,0,0,0,0,0,0,0,0,0,697,19,484,0,0,58,0,0,154,38,0,0,0,0,0,193,0,387,368,58,0,0,0,0,0
"51199",18,200,0,36,0,0,91,36,0,54,0,36,18,0,145,54,109,0,127,72,1147,0,0,0,0,0,36,0,163,0,0,0,0,145,0,1894,72,0,0,0,0,200,928,0,0,473,6447,54,36,127,72,0,36,54,0,36,36,18,127,36,18,327,36,91,0,18,36,0,0,0,145,36,218,0,0,18,91,127,18,0,0,36,0,72,218,109,91,0,72,18,0,18,0,0,91744,0,0,0,54,1457,54,0,0,54,145,0,0,72,0,8396,91,0,18,36,0,0,0,22148,1493,0,0,2987,382,0,473,54,0,0,346,3843,36,4462,273
"51510",0,1141,0,0,35,0,12771,35,0,35,0,142,35,0,35,35,107,0,0,0,606,71,0,142,0,0,71,0,33355,499,0,0,0,35,0,35,35,35,0,178,0,214,178,0,0,0,214,0,0,0,0,0,2176,35,0,71,0,35,35,463,71,178,0,0,71,214,142,0,0,0,0,71,5137,0,35,0,142,107,178,0,0,71,0,0,249,606,0,178,0,142,214,71,0,107,35,157715,0,0,535,178,0,0,0,0,606,499,0,107,0,0,71,35,0,142,356,0,0,214,142,0,35,0,356,214,535,0,35,0,71,1177,71,71,0
"51520",0,0,0,0,0,0,0,0,0,0,0,0,0,0,0,0,0,0,0,0,0,0,0,0,0,0,0,0,0,0,14,14,0,0,0,0,0,14,0,0,0,0,0,0,0,0,0,0,0,0,0,14,0,0,0,0,0,0,0,29,0,0,0,0,0,0,0,29,0,0,0,0,87,0,0,0,0,0,0,219,87,0,336,0,0,0,0,0,73,0,3763,0,73,14,0,0,21689,0,0,58,0,0,0,0,0,0,0,0,0,0,0,0,0,0,0,0,0,0,0,29,0,0,58,0,14,0,0,0,14,0,0,0,0
"51530",0,50,16,0,150,0,0,217,0,133,0,184,0,0,0,33,0,0,0,0,0,0,0,16,0,0,0,0,16,0,0,0,0,0,0,0,0,0,50,0,0,83,0,0,0,0,0,0,0,0,0,0,0,0,0,0,0,16,0,16,16,0,0,0,0,0,0,0,16,0,16,50,0,16,16,0,200,3179,16,0,0,0,100,0,16,0,50,0,0,0,66,0,0,16,0,0,16,8584,50,0,16,66,0,0,0,0,0,0,0,0,117,16,1238,217,0,0,0,0,0,0,0,0,0,0,0,334,33,301,0,0,384,0,0
"51540",0,19478,0,0,0,59,88,265,59,265,0,118,0,0,118,206,29,59,0,0,560,0,0,177,29,0,0,0,1180,88,0,767,88,0,29,0,147,59,324,0,118,206,767,88,29,59,59,0,29,0,0,0,560,501,29,29,0,29,0,118,649,29,0,0,0,354,29,59,29,29,177,0,383,0,0,0,0,88,236,0,0,29,0,0,29,0,0,0,29,59,29,59,0,88,59,177,0,29,47928,147,0,0,118,0,29,59,0,29,0,29,383,0,29,265,0,0,29,59,236,0,0,0,0,0,442,177,59,206,29,265,383,88,0
"51550",151,321,0,0,75,18,208,75,0,94,0,56,113,0,0,113,75,0,56,75,1304,0,0,0,18,94,75,0,453,18,0,0,0,37,0,264,208,0,37,75,0,586,1569,18,18,1834,1891,0,75,0,18,0,94,56,37,56,132,94,75,94,302,340,434,18,113,37,75,18,94,189,208,321,472,18,18,0,75,208,321,0,0,37,0,434,226,453,132,416,18,302,151,170,18,37,1531,208,0,0,208,379200,170,0,113,170,18,18,245,132,0,2969,491,56,18,283,18,0,0,4652,26496,0,113,56,18383,37,851,245,0,56,11593,58572,132,1059,0
"51570",0,151,0,16,50,0,0,84,0,50,0,0,67,0,0,0,33,0,168,0,7200,0,0,16,33,0,1298,0,33,0,0,0,0,0,0,151,50,0,16,16,33,354,809,0,0,0,84,0,0,33,151,0,0,101,0,0,0,134,252,50,84,354,0,33,33,0,0,0,0,134,101,1500,50,0,0,0,16,16,16,0,0,0,0,33,50,0,16,185,0,0,0,0,0,0,33,0,0,0,67,134,25934,0,16,33,33,0,0,0,0,16,16,741,0,0,16,0,0,0,101,0,1551,0,16,0,792,16,0,0,0,219,84,33,0
"51580",0,0,2162,0,0,0,0,13,65,26,0,222,0,0,0,13,0,0,0,0,39,0,0,0,0,0,0,0,26,0,0,0,0,13,0,0,13,0,0,0,0,13,13,0,0,0,0,0,0,0,0,0,0,0,0,0,0,0,0,52,0,0,0,0,0,0,0,0,0,0,0,0,0,0,0,0,209,0,0,0,0,0,0,0,0,0,0,0,0,0,0,0,0,0,0,0,0,0,13,0,0,6344,0,0,0,0,0,0,91,0,13,0,39,0,0,0,0,0,13,0,0,0,26,0,0,353,104,0,0,52,0,0,0
"51590",0,36,0,36,54,18,0,0,0,180,0,144,0,0,0,162,0,0,0,0,307,0,0,0,108,0,0,0,54,0,0,0,289,0,0,0,0,0,0,18,361,0,0,614,0,0,36,0,0,0,0,0,18,0,0,0,0,108,0,18,0,0,0,0,0,0,0,90,6108,0,36,18,36,18,18,0,108,18,18,0,0,0,0,0,18,18,0,0,0,36,18,0,0,0,18,18,0,0,0,18,0,0,61136,36,0,0,0,18,0,0,0,0,0,542,0,0,469,0,18,0,0,0,180,54,90,234,72,18,0,72,0,18,0
"51595",0,0,0,0,0,0,0,0,0,21,0,21,253,0,21,0,0,0,0,0,190,0,0,0,21,0,42,0,0,0,0,0,0,0,0,0,0,0,0,1057,0,0,105,0,0,0,0,0,0,0,0,0,0,0,0,0,0,105,0,0,0,0,0,0,0,0,0,0,0,0,0,169,0,0,0,0,0,0,0,0,0,0,0,42,42,0,0,169,0,0,0,0,0,0,0,0,0,0,0,0,169,0,0,6136,0,0,0,0,0,21,0,21,0,0,0,0,0,63,63,0,42,0,0,0,21,0,0,0,63,42,0,0,0
"51600",0,19,0,0,0,0,450,0,0,0,0,0,0,0,0,0,39,0,0,0,0,0,0,0,0,0,0,0,10878,39,0,0,0,117,0,98,78,0,0,0,0,78,196,0,0,0,78,0,39,0,0,0,744,78,0,0,0,39,19,19,19,78,0,0,0,0,137,0,0,0,39,0,960,0,0,39,0,19,0,0,0,0,0,0,0,137,0,0,0,0,0,39,0,0,78,411,0,0,19,39,19,0,0,0,23247,156,0,58,0,19,19,0,0,0,39,0,0,0,0,0,19,0,0,0,19,0,19,0,39,19,0,0,0
"51610",0,31,0,0,0,0,1397,0,0,0,0,0,0,0,31,0,0,0,0,0,127,0,0,31,0,0,0,0,5114,63,0,0,0,31,0,31,0,0,31,0,0,31,63,0,0,0,95,0,31,0,0,0,285,0,0,95,0,0,95,31,0,0,0,0,0,0,158,0,0,0,0,0,222,0,0,0,0,31,31,0,0,0,31,0,0,31,0,0,0,31,0,0,0,31,0,190,0,0,0,31,0,0,0,31,254,12961,0,63,0,0,31,0,0,0,0,31,0,0,0,0,0,0,0,0,31,0,0,0,0,0,0,63,0
"51620",0,0,0,0,0,0,0,0,0,0,0,0,0,0,0,0,0,0,0,0,28,0,0,0,0,0,0,0,113,0,0,0,0,0,0,0,0,0,0,28,0,0,0,0,0,906,113,0,0,0,0,0,0,0,0,0,0,169,0,0,0,0,0,0,0,0,0,0,0,0,0,28,0,0,0,0,0,0,56,0,0,0,0,849,0,28,56,28,0,84,0,28,0,0,56,0,0,0,0,623,28,0,0,141,0,0,9517,28,0,311,141,0,0,0,0,0,0,283,141,0,113,28,56,0,56,0,0,0,1529,339,0,28,0
"51630",95,118,0,0,0,0,118,23,0,95,0,0,23,0,0,0,594,0,0,0,332,0,0,118,0,0,0,0,832,332,0,0,0,23,0,47,47,0,47,0,0,428,618,0,0,0,142,0,380,0,0,0,309,118,0,23,47,0,0,0,142,47,0,23,0,190,0,0,0,0,47,0,1474,47,0,0,0,23,118,0,0,0,0,0,8586,5993,0,0,0,71,47,261,0,0,71,95,0,0,47,95,0,0,0,0,47,23,0,32491,0,23,71,0,47,71,23,47,0,166,166,0,0,0,0,0,380,23,0,0,71,689,0,71,0
"51640",0,0,0,0,0,0,0,0,0,0,0,23,0,0,0,0,0,1626,0,0,0,0,0,0,0,0,0,0,0,0,47,0,0,0,0,0,0,565,0,0,0,0,0,0,0,0,0,0,0,0,0,0,0,0,0,0,0,0,0,235,0,0,0,0,0,0,0,0,0,0,0,0,0,94,0,0,23,23,0,0,0,23,0,0,0,0,0,0,0,0,70,0,0,235,0,0,23,0,0,0,0,0,0,0,0,0,0,0,8931,0,0,0,0,0,0,0,0,0,0,0,0,0,0,23,0,23,0,0,0,0,0,0,0
"51650",176,0,25,0,0,25,100,100,50,25,0,0,0,0,0,0,100,0,100,0,1612,0,0,0,25,0,100,0,730,25,0,50,0,0,25,1159,25,0,0,25,0,403,982,0,0,1662,4358,0,226,75,25,0,327,125,0,0,50,25,125,226,151,277,0,100,0,0,0,0,0,75,125,100,478,125,0,0,0,352,25,0,0,50,25,125,327,75,100,25,25,0,0,50,0,0,8365,226,0,25,0,3477,125,0,0,100,75,25,0,100,0,214216,50,75,75,50,0,0,0,35853,7306,0,75,2267,1889,251,932,25,0,0,1612,9650,25,1108,0
"51660",18,687,36,54,36,54,325,1267,18,144,54,126,18,36,18,90,0,144,0,18,850,54,0,126,36,0,36,0,1176,181,0,18,398,398,0,72,36,18,126,36,0,325,850,18,0,0,199,0,0,18,72,0,742,181,18,54,0,0,0,380,181,36,0,0,0,36,289,0,54,36,199,36,633,108,36,0,235,144,12691,0,0,506,36,0,90,144,0,0,18,325,72,18,0,36,217,36,0,0,506,72,36,36,36,18,54,18,0,18,36,416,82865,18,108,416,0,0,0,54,144,0,0,0,36,54,380,380,90,525,0,941,561,90,362
"51670",0,84,0,84,0,0,0,0,0,0,0,0,84,0,0,21,0,0,106,21,6150,0,0,0,42,0,615,21,212,21,0,0,0,0,0,106,63,0,21,63,0,466,1124,0,0,21,487,0,42,21,0,0,0,21,0,0,148,106,42,0,0,84,0,0,42,0,0,0,21,127,42,3987,0,0,0,0,21,0,21,0,0,0,21,0,21,63,84,275,0,0,42,0,0,0,127,63,0,0,0,127,3117,0,0,0,0,0,0,21,0,63,0,27125,0,21,0,0,0,212,127,0,1399,0,42,0,975,0,0,0,42,296,0,233,0
"51678",0,58,14,0,29,14,0,174,0,116,0,14,0,0,0,72,0,0,0,0,14,0,0,0,0,0,0,0,14,29,0,0,29,0,0,0,14,0,0,0,0,29,72,29,0,14,0,0,0,14,0,0,43,0,0,0,0,14,0,218,29,0,0,0,0,0,14,0,0,0,29,0,87,43,0,0,87,2185,174,0,0,0,14,0,0,29,0,0,0,0,0,0,0,14,29,0,0,87,29,14,0,29,0,0,0,0,0,0,0,0,72,0,8026,407,0,0,0,14,0,0,0,0,0,0,43,189,29,145,0,43,174,0,29
"51680",18,1036,37,18,4793,1073,18,166,0,10772,0,407,0,0,74,15029,0,55,0,129,481,0,0,55,74,0,0,37,240,222,0,37,388,37,0,222,111,37,74,0,407,407,721,37,0,18,166,0,0,37,0,0,388,18,0,55,111,259,18,148,684,0,37,0,55,92,0,18,518,18,518,18,240,92,0,0,610,462,92,111,0,74,55,0,55,111,0,37,37,0,92,0,0,0,74,18,37,55,518,148,18,0,166,0,18,18,0,129,74,37,222,74,18,134892,0,0,74,203,129,0,18,0,37,18,111,1443,148,185,18,814,259,55,314
"51683",0,109,0,0,0,0,349,0,0,0,0,21,0,0,0,0,21,0,0,0,196,43,0,0,0,0,0,21,4392,371,0,0,21,87,0,21,43,0,0,0,0,0,174,21,21,43,43,0,65,0,0,0,1573,65,0,109,0,21,0,65,0,21,0,0,0,109,0,0,0,0,21,0,18312,0,65,0,21,43,65,0,0,43,0,0,305,284,0,0,0,152,0,21,0,21,21,458,0,0,87,174,21,0,0,0,174,87,0,21,0,43,174,0,0,87,41804,1201,0,87,196,0,0,0,131,0,43,174,21,21,0,480,0,0,0
"51685",0,0,0,0,0,0,68,0,0,0,0,0,0,0,0,0,102,0,0,0,34,0,0,34,0,0,0,0,4809,375,0,0,68,102,0,34,68,0,0,0,0,102,170,204,0,0,0,0,0,0,0,0,1876,0,0,0,0,0,0,375,0,0,0,0,0,102,0,68,0,0,0,0,9823,0,0,0,0,0,0,0,0,68,0,0,170,102,0,0,0,0,0,0,0,0,0,68,0,0,0,136,0,0,0,0,341,204,0,102,0,0,68,0,0,0,6071,16509,0,34,0,0,0,0,0,0,136,0,0,0,0,272,0,0,102
"51690",0,13,0,13,0,0,0,0,0,27,0,13,0,0,0,27,0,67,0,0,27,0,0,0,0,0,0,0,94,0,27,40,540,13,0,0,0,13,0,0,13,40,40,5674,0,0,54,0,0,0,0,0,0,0,0,0,0,27,0,81,0,0,0,0,27,0,0,175,94,0,54,0,0,0,0,0,27,13,27,0,0,0,54,0,0,13,0,0,0,0,0,0,0,54,0,13,0,0,0,0,0,0,513,0,0,0,0,0,0,0,0,13,27,40,0,0,13280,0,0,0,0,0,27,0,0,81,13,0,0,81,0,27,0
"51700",239,334,47,23,23,0,95,119,0,47,0,0,47,0,47,0,310,0,119,23,1435,0,0,23,23,0,47,47,813,143,0,0,71,95,0,2846,215,0,47,47,0,789,1578,71,0,3324,7031,23,47,167,167,0,287,215,0,0,119,95,167,0,263,837,287,143,0,23,167,71,71,47,23,215,765,0,0,23,23,143,47,0,0,95,0,358,645,191,215,0,0,47,0,71,0,0,19755,119,0,0,287,4448,119,0,23,23,143,0,119,406,0,34943,119,119,119,71,71,0,47,279787,7007,0,143,1698,2032,0,741,0,0,0,2822,9375,47,2917,0
"51710",379,406,81,0,0,54,325,298,54,54,0,0,0,0,27,27,27,0,27,27,1192,0,0,0,162,0,54,54,866,54,0,27,81,54,27,650,27,0,0,27,0,514,1652,0,27,1002,1625,0,27,54,81,0,325,81,0,27,54,135,81,623,54,270,568,0,0,108,27,0,54,0,352,325,514,0,0,0,81,189,81,0,0,54,27,216,135,298,243,216,0,0,27,81,0,0,1435,243,0,0,270,26252,216,54,108,162,0,0,379,108,0,6285,189,162,108,81,0,0,0,4876,366445,0,135,54,7883,0,758,108,0,81,3386,66564,108,568,54
"51720",0,0,0,0,0,0,0,0,0,0,0,0,0,17,0,0,0,0,0,0,0,0,0,0,0,107,0,0,0,0,0,0,0,0,0,0,0,0,0,0,0,0,0,0,0,0,0,0,0,0,0,160,0,0,0,0,0,0,0,0,0,0,0,0,0,0,0,0,0,0,0,0,0,0,0,0,0,0,0,53,231,0,0,0,0,0,0,0,0,0,53,0,2426,0,0,0,142,0,0,0,0,0,0,0,0,0,0,0,0,0,0,0,0,0,0,0,0,0,0,4477,0,0,0,0,0,0,0,0,0,0,0,0,0
"51730",0,68,0,45,0,22,22,22,0,45,0,22,91,0,0,0,45,0,22,0,6955,0,0,0,0,0,2394,0,22,0,0,0,0,0,0,0,0,0,0,91,0,342,1756,0,0,159,456,0,0,0,22,0,0,22,22,0,0,45,0,0,22,159,0,0,114,0,0,0,0,159,0,2166,45,0,0,0,22,0,22,0,0,0,0,91,68,114,45,296,0,0,0,0,0,0,159,0,0,0,0,273,5496,0,0,45,0,0,0,68,0,91,114,980,0,0,0,0,0,22,182,0,33456,0,136,0,1938,22,0,0,45,1163,45,45,0
"51735",150,0,0,0,0,0,0,37,0,0,0,0,0,0,0,25,0,0,0,0,62,0,0,0,0,0,0,0,100,0,0,0,0,0,0,301,0,0,0,0,0,12,62,0,0,75,426,0,25,0,0,0,188,12,0,0,12,0,62,25,0,62,0,0,0,0,0,0,0,0,0,25,37,0,0,0,0,50,0,0,0,0,0,0,25,50,62,0,0,0,0,0,0,12,3516,0,0,0,0,263,0,0,0,0,0,0,0,25,0,2812,37,0,0,0,12,0,0,3465,301,0,0,15559,25,0,0,0,0,0,150,740,12,200,0
"51740",45,68,0,22,0,0,114,0,0,68,0,137,0,0,0,45,114,22,0,22,388,0,0,45,0,0,0,0,319,0,0,0,0,45,0,68,22,0,0,0,0,296,822,0,0,1004,479,0,0,0,0,0,45,0,0,0,114,91,114,0,45,137,22,0,22,22,45,0,0,0,0,68,45,0,0,0,22,0,137,0,0,0,0,68,68,251,68,0,0,0,0,0,0,45,662,137,0,0,68,29207,22,0,0,68,0,22,91,0,0,2717,159,0,0,45,0,0,0,2831,10687,0,68,228,120345,0,296,22,0,0,11943,12582,0,228,0
"51750",0,125,17,0,17,0,0,107,0,143,17,287,0,0,0,89,0,71,0,0,71,0,0,0,0,35,0,0,197,53,89,143,161,53,681,35,0,35,0,0,0,143,179,71,0,0,71,0,0,0,0,35,107,35,0,0,35,53,17,6888,35,17,0,0,0,17,17,17,53,17,0,0,215,6350,0,0,699,17,17,35,0,0,53,0,35,53,0,0,17,71,269,0,53,358,17,17,89,0,197,179,0,35,71,0,0,0,0,17,35,35,251,0,0,89,35,0,107,17,0,35,0,0,0,21419,53,896,233,0,71,125,53,125,0
"51760",257,1060,0,200,143,28,745,143,0,200,28,57,372,0,171,57,544,0,372,143,43314,114,0,57,143,0,315,286,3525,458,28,143,229,229,0,573,2751,0,0,143,28,6134,63810,0,0,57,1146,85,143,171,401,0,1605,429,0,0,229,257,229,257,372,515,28,343,143,257,28,0,28,802,200,917,1347,85,0,114,57,200,200,0,0,487,0,0,1175,745,85,315,28,28,200,0,0,28,745,401,0,28,687,429,1060,0,114,114,143,57,57,429,0,1175,171,745,114,200,0,28,0,1117,1060,0,1031,0,458,85,270808,143,28,28,57,3984,85,229,257
"51770",0,280,210,0,140,70,46,421,0,3066,0,3581,0,0,117,444,0,93,0,0,187,0,257,140,23,23,0,0,187,0,140,0,2973,46,93,0,23,0,0,0,117,23,280,374,0,23,93,0,0,0,117,0,46,23,0,0,0,0,0,1849,140,0,0,0,23,70,23,0,210,0,93,23,468,257,23,0,28747,351,140,0,0,23,93,0,0,23,0,23,0,0,140,0,0,140,117,70,0,23,280,234,0,46,304,0,46,93,0,0,140,46,304,23,46,866,0,0,46,140,140,0,0,46,117,210,23,136831,10674,70,117,397,70,23,0
"51775",0,86,86,0,43,43,0,28,0,587,0,989,0,0,28,129,0,0,0,28,71,0,114,14,0,0,0,0,71,0,71,0,501,0,57,0,57,0,0,0,14,0,186,172,0,0,43,0,0,0,0,0,14,28,28,0,0,43,0,1290,0,43,0,0,0,0,0,0,28,0,43,0,28,172,0,0,5433,215,0,0,0,0,0,0,14,0,0,0,114,0,28,0,0,71,43,0,28,0,100,0,0,28,0,0,0,0,0,0,0,14,0,0,57,286,14,0,0,0,14,0,0,0,0,71,0,6164,35913,100,0,172,129,28,0
"51790",32,523,81,0,98,0,16,6091,49,196,0,32,0,0,49,147,0,0,0,0,65,0,0,16,16,0,0,0,98,98,0,16,49,0,0,0,0,16,0,0,16,49,49,0,81,49,0,0,0,0,0,0,81,147,0,16,0,0,0,32,311,0,0,0,0,32,32,0,0,0,0,0,130,81,0,0,81,278,720,0,0,81,49,0,49,0,0,0,0,49,65,0,0,0,16,16,16,16,474,0,0,16,0,0,0,0,0,0,16,0,900,0,32,245,0,0,0,32,32,0,0,0,16,0,65,49,65,27901,0,261,1752,0,16
"51800",95,172,0,38,0,0,76,38,0,57,0,0,19,0,0,0,19,0,19,38,479,0,0,19,19,0,115,0,153,19,0,0,95,0,0,230,19,0,38,19,19,268,862,95,0,4197,1169,0,19,19,0,0,210,19,0,76,76,153,57,76,134,57,95,0,57,0,76,57,0,0,0,249,38,0,0,0,76,57,38,0,0,19,0,670,38,76,115,191,19,0,19,0,19,19,651,76,0,0,38,20643,76,0,38,115,0,0,1533,0,0,2951,95,19,76,0,0,0,19,3756,6152,0,38,38,6689,0,460,19,0,19,124419,10197,38,306,0
"51810",876,611,20,40,40,0,244,142,40,305,0,101,367,0,0,81,407,0,40,0,2549,0,0,40,61,0,122,40,1080,101,61,40,265,0,40,815,591,0,224,265,203,938,3120,183,0,958,2712,0,61,81,40,0,244,122,0,0,81,530,122,734,428,876,1060,40,203,40,20,122,163,61,509,183,387,81,40,122,224,142,407,0,0,20,0,346,550,285,203,203,0,203,0,0,0,163,2141,489,20,20,550,47330,20,0,367,244,40,0,326,163,0,4465,795,40,81,285,61,20,61,6872,51470,0,163,101,6586,61,1794,224,61,40,4302,849300,183,1529,81
"51820",0,1482,0,0,59,39,0,6008,59,138,0,19,0,0,0,59,0,0,19,0,19,118,0,0,0,0,39,0,118,0,0,79,138,59,0,79,39,0,98,0,0,79,197,0,19,39,79,0,19,0,0,0,19,177,0,19,0,0,0,256,336,19,0,0,0,79,0,19,39,19,0,19,39,19,0,0,118,256,553,0,0,296,0,0,79,0,0,0,0,0,39,39,0,39,0,0,0,0,652,0,0,19,0,0,0,0,0,19,0,19,731,0,79,217,0,0,0,0,0,0,0,0,79,0,59,158,39,1620,19,494,29627,0,0
"51830",36,0,0,0,18,0,0,0,0,18,0,54,0,0,0,54,54,0,18,0,217,0,0,0,0,0,0,0,290,0,0,0,0,0,0,145,0,0,0,0,0,72,163,0,0,18,3810,18,0,0,0,0,72,0,0,0,0,0,18,36,0,127,0,0,0,0,0,0,72,0,0,0,54,0,0,0,54,0,18,0,0,0,0,0,72,0,18,0,0,36,0,0,0,0,1868,36,0,0,0,54,18,0,18,0,18,0,0,0,0,381,18,0,0,163,0,0,0,471,127,0,36,54,36,0,235,54,36,0,36,308,0,16348,0
"51840",0,37,18,0,0,0,56,74,0,37,0,74,0,0,0,0,112,37,0,0,93,655,0,93,0,0,0,0,935,486,0,18,56,10089,0,0,0,0,0,0,0,37,37,18,0,0,131,0,0,0,0,0,1553,18,0,0,37,18,0,93,0,18,0,0,0,74,37,0,0,0,0,0,561,37,0,56,0,0,262,0,0,393,0,0,93,374,0,0,0,861,0,0,0,0,93,93,0,74,56,0,0,18,0,37,56,0,0,74,0,112,168,0,18,0,18,0,18,37,149,0,0,0,37,0,56,0,0,93,18,187,0,112,33114
